ofs,nom,district,revenu_median_est,part_haut_revenu,nb_contribuables,coefficient,fortune_moy_chf,revenu_norm,coeff_norm,indice_pouvoir_achat
5718,Genolier,Nyon,74246,39.0,895,52.0,601453,81.42171622130222,16.216216216216218,82.6
5710,Coinsins,Nyon,70139,34.0,241,49.0,601453,71.7609145652992,8.108108108108109,81.8
5639,Lully (VD),Morges,79688,38.9,409,58.0,471789,94.22280767783214,32.432432432432435,80.9
5855,Dully,Nyon,72965,38.8,291,53.0,601453,78.40844937899887,18.91891891891892,79.7
5653,Vufflens-le-Château,Morges,81390,41.8,411,60.5,471789,98.22638313887843,39.189189189189186,79.5
5623,Buchillon,Morges,71468,35.8,307,52.0,471789,74.88709070380128,16.216216216216218,79.3
5707,Chavannes-de-Bogis,Nyon,77624,36.5,537,58.0,601453,89.36770794128716,32.432432432432435,78.5
5482,Eclépens,Morges,61433,21.8,602,46.0,471789,51.281990967256306,0.0,75.6
5648,Saint-Sulpice (VD),Ouest lausannois,71296,34.8,2090,55.0,188994,74.4824990590892,24.324324324324326,75.1
5713,Crans (VD),Nyon,74213,38.7,1052,59.0,601453,81.3440910801656,35.13513513513514,73.1
5730,Trélex,Nyon,70834,37.4,677,57.0,601453,73.39574708317652,29.72972972972973,71.8
5585,Jouxtens-Mézery,Lausanne,72500,40.4,722,59.0,253297,77.31464057207377,35.13513513513514,71.1
5706,Borex,Nyon,70055,32.9,532,57.0,601453,71.56332329695145,29.72972972972973,70.9
5716,Eysins,Nyon,72692,34.2,786,59.5,601453,77.76627775686865,36.486486486486484,70.6
5708,Chavannes-des-Bois,Nyon,79840,43.3,372,66.0,601453,94.58035378246143,54.054054054054056,70.3
5709,Chéserex,Nyon,71635,32.9,604,59.0,601453,75.27992096349266,35.13513513513514,70.1
5858,Luins,Nyon,70663,33.3,291,58.5,601453,72.99350771546858,33.78378378378378,69.6
5606,Lutry,Lavaux-Oron,65281,30.6,5532,54.0,563599,60.33355287918706,21.62162162162162,69.4
5712,Coppet,Nyon,68436,35.3,1318,57.0,601453,67.75498682724877,29.72972972972973,69.0
5728,Signy-Avenex,Nyon,68527,29.3,273,58.0,601453,67.96904403462551,32.432432432432435,67.8
5640,Lussy-sur-Morges,Morges,72149,33.5,349,61.5,471789,76.48899134362063,41.891891891891895,67.3
5857,Gilly,Nyon,73011,33.3,705,62.5,601453,78.5166541211893,44.5945945945946,67.0
5638,Lonay,Morges,64417,27.2,1449,55.0,471789,58.30118554761009,24.324324324324326,67.0
5725,Prangins,Nyon,66114,30.9,2061,57.0,601453,62.29299962363568,29.72972972972973,66.3
5732,Vich,Nyon,72854,36.2,575,63.0,601453,78.14734663153932,45.94594594594595,66.1
5717,Founex,Nyon,65571,35.0,1447,57.0,601453,61.01571321038766,29.72972972972973,65.6
5427,Féchy,Morges,72750,35.3,385,64.0,471789,77.90270982310878,48.64864864864865,64.6
5729,Tannay,Nyon,67969,36.6,672,60.5,601453,66.65647346631539,39.189189189189186,63.7
5711,Commugny,Nyon,65000,35.2,1152,58.0,601453,59.67256304102371,32.432432432432435,63.6
5645,Romanel-sur-Morges,Morges,62500,25.5,255,56.0,471789,53.79187053067369,27.027027027027028,63.4
5726,La Rippe,Nyon,71053,34.5,574,63.5,601453,73.91089574708317,47.2972972972973,63.3
5473,Boussens,Gros-de-Vaud,71224,32.5,505,64.0,264755,74.31313511479112,48.64864864864865,62.8
5856,Essertines-sur-Rolle,Nyon,73707,32.5,326,66.5,601453,80.15383891607075,55.4054054054054,62.4
5489,Mex (VD),Gros-de-Vaud,64820,25.6,449,59.5,264755,59.24915318027851,36.486486486486484,61.4
5651,Villars-Sainte-Croix,Ouest lausannois,65991,27.6,518,60.5,188994,62.00366955212646,39.189189189189186,61.4
5488,Mauraz,Morges,82144,32.1,28,75.0,471789,100.0,78.37837837837837,60.8
5480,Daillens,Gros-de-Vaud,71764,28.6,549,66.0,264755,75.58336469702672,54.054054054054056,60.8
5722,Grens,Nyon,64865,31.7,224,60.0,601453,59.35500564546481,37.83783783783784,60.8
5723,Mies,Nyon,57599,32.1,838,54.0,601453,42.26336093338352,21.62162162162162,60.3
5719,Gingins,Nyon,63669,31.0,641,60.0,601453,56.541682348513355,37.83783783783784,59.4
5852,Bursinel,Nyon,65949,36.1,227,62.0,601453,61.90487391795257,43.24324324324324,59.3
5720,Givrins,Nyon,73090,36.8,503,68.5,601453,78.70248400451636,60.810810810810814,58.9
5456,Cudrefin,Broye-Vully,61359,23.3,1023,59.0,149121,51.10792246894994,35.13513513513514,58.0
5863,Vinzel,Nyon,68104,33.3,168,65.0,601453,66.97403086187428,51.35135135135135,57.8
5501,Sullens,Gros-de-Vaud,66867,25.0,603,64.0,264755,64.06426420775311,48.64864864864865,57.7
5613,Bourg-en-Lavaux,Lavaux-Oron,64663,30.2,2857,62.5,563599,58.87984569062853,44.5945945945946,57.1
5646,Saint-Prex,Morges,60549,25.7,2812,59.0,471789,49.202578095596536,35.13513513513514,57.0
5621,Aclens,Morges,61608,27.5,295,60.0,471789,51.69363944298081,37.83783783783784,56.9
5590,Pully,Lavaux-Oron,62708,27.5,9790,61.0,563599,54.28114414753481,40.54054054054054,56.9
5633,Echandens,Morges,62188,26.6,1369,60.5,471789,53.05796010538201,39.189189189189186,56.9
5909,Cheseaux-Noréaz,Jura-Nord vaudois,69576,35.5,375,67.0,180436,70.43658261196839,56.75675675675676,56.8
5715,Duillier,Nyon,68308,30.8,561,66.0,601453,67.45389537071885,54.054054054054056,56.7
5650,Vaux-sur-Morges,Morges,56667,33.3,102,56.0,471789,40.07103876552503,27.027027027027028,56.5
5860,Perroy,Nyon,61650,26.0,773,60.5,601453,51.792435077154686,39.189189189189186,56.3
5472,Bournens,Gros-de-Vaud,66797,29.8,262,65.0,264755,63.899604817463306,51.35135135135135,56.3
5704,Begnins,Nyon,63637,27.6,952,62.5,601453,56.46640948438089,44.5945945945946,55.9
5622,Bremblens,Morges,69250,33.3,309,68.0,471789,69.66974030861874,59.45945945945946,55.1
5701,Arnex-sur-Nyon,Nyon,66667,34.3,108,66.0,601453,63.593808806925104,54.054054054054056,54.8
5631,Denens,Morges,63052,32.4,389,63.0,471789,55.09032743695897,45.94594594594595,54.6
5503,Vufflens-la-Ville,Gros-de-Vaud,65093,30.9,695,65.0,264755,59.89132480240873,51.35135135135135,54.3
5476,Chevilly,Morges,70486,30.5,177,70.0,471789,72.57715468573579,64.86486486486487,53.9
5426,Bougy-Villars,Morges,60466,25.8,244,62.0,471789,49.007339104252914,43.24324324324324,52.9
5634,Echichens,Morges,64555,29.8,1645,66.0,471789,58.62579977418141,54.054054054054056,52.3
5859,Mont-sur-Rolle,Nyon,59978,28.4,1336,62.0,601453,47.8594279262326,43.24324324324324,52.3
5883,Corseaux,Riviera-Pays-d'Enhaut,66011,30.1,1235,67.5,337178,62.050715092209266,58.108108108108105,52.0
5904,Chamblon,Jura-Nord vaudois,64261,25.1,315,66.0,180436,57.93423033496424,54.054054054054056,51.9
5721,Gland,Nyon,58504,23.4,6785,61.0,601453,44.39217162213022,40.54054054054054,51.9
5885,Jongny,Riviera-Pays-d'Enhaut,68106,30.1,965,69.5,337178,66.97873541588257,63.51351351351351,51.7
5714,Crassier,Nyon,62838,32.5,570,65.0,601453,54.58694015807302,51.35135135135135,51.6
5560,Grandevent,Jura-Nord vaudois,69500,28.7,129,71.0,180436,70.25780955965375,67.56756756756756,51.3
5724,Nyon,Nyon,57968,22.6,11069,61.0,601453,43.131351147911175,40.54054054054054,51.3
5628,Chigny,Morges,58855,30.8,185,62.0,471789,45.217820850583365,43.24324324324324,51.0
5705,Bogis-Bossey,Nyon,67709,36.9,350,70.0,601453,66.04488144523899,64.86486486486487,50.6
5861,Rolle,Nyon,55535,23.8,2896,59.5,601453,37.40826119683854,36.486486486486484,50.5
5655,Yens,Morges,65137,30.5,727,68.0,471789,59.99482499059089,59.45945945945946,50.3
5584,Epalinges,Lausanne,61040,26.6,4770,64.5,253297,50.35754610462928,50.0,50.2
5731,Le Vaud,Nyon,65700,32.3,691,69.0,601453,61.31915694392171,62.16216216216216,49.6
5529,Oulens-sous-Echallens,Gros-de-Vaud,67614,32.1,321,71.0,264755,65.82141512984569,67.56756756756756,49.1
5609,Rivaz,Lavaux-Oron,57144,23.2,190,62.0,563599,41.19307489649981,43.24324324324324,49.0
5624,Bussigny,Ouest lausannois,57189,18.5,5276,62.5,188994,41.29892736168611,44.5945945945946,48.4
5632,Denges,Morges,56571,25.1,880,62.0,471789,39.845220173127586,43.24324324324324,48.3
5492,Montricher,Morges,58731,22.6,540,64.0,471789,44.92613850207,48.64864864864865,48.1
5643,Préverenges,Morges,59778,23.1,2618,65.0,471789,47.3889725254046,51.35135135135135,48.0
5922,Montagny-près-Yverdon,Jura-Nord vaudois,59135,21.7,428,64.5,180436,45.87645841174257,50.0,47.9
5511,Assens,Gros-de-Vaud,65292,26.8,889,70.0,264755,60.35942792623259,64.86486486486487,47.7
5559,Giez,Jura-Nord vaudois,64096,27.1,247,69.0,180436,57.546104629281146,62.16216216216216,47.7
5581,Belmont-sur-Lausanne,Lavaux-Oron,67338,31.3,1935,72.0,563599,65.17218667670305,70.27027027027027,47.5
5485,Grancy,Morges,65057,28.8,257,70.0,471789,59.80664283025969,64.86486486486487,47.5
5471,Bettens,Gros-de-Vaud,65030,24.5,359,70.0,264755,59.743131351147916,64.86486486486487,47.4
5553,Champagne,Jura-Nord vaudois,59135,20.8,587,65.0,180436,45.87645841174257,51.35135135135135,47.3
5935,Villars-Epeney,Jura-Nord vaudois,67188,30.2,43,72.0,180436,64.81934512608206,70.27027027027027,47.3
5551,Bonvillars,Jura-Nord vaudois,61030,22.8,281,67.0,180436,50.33402333458788,56.75675675675676,46.8
5928,Rovray,Jura-Nord vaudois,67917,29.2,89,73.0,180436,66.53415506210011,72.97297297297297,46.8
5684,Rossenges,Broye-Vully,58594,11.1,45,65.0,149121,44.603876552502825,51.35135135135135,46.6
5702,Arzier-Le Muids,Nyon,57357,32.3,1501,64.0,601453,41.69410989838163,48.64864864864865,46.5
5588,Paudex,Lavaux-Oron,60088,24.0,796,66.5,563599,48.118178396687995,55.4054054054054,46.4
5872,Le Chenit,Jura-Nord vaudois,50898,14.7,2518,58.5,180436,26.500752728641324,33.78378378378378,46.4
5892,Blonay - Saint-Légier,Riviera-Pays-d'Enhaut,61142,28.9,6273,67.5,337178,50.597478359051564,58.108108108108105,46.2
5882,Chardonne,Riviera-Pays-d'Enhaut,61625,24.5,1776,68.0,337178,51.73362815205118,59.45945945945946,46.1
5565,Onnens (VD),Jura-Nord vaudois,58020,21.2,264,65.0,180436,43.25366955212645,51.35135135135135,46.0
5434,Saint-George,Nyon,63195,29.2,524,69.5,601453,55.426703048551,63.51351351351351,46.0
5799,Servion,Lavaux-Oron,62392,26.4,1141,69.0,563599,53.53782461422657,62.16216216216216,45.7
5458,Faoug,Broye-Vully,57618,21.2,520,65.0,149121,42.30805419646217,51.35135135135135,45.5
5636,Etoy,Morges,51826,22.8,1520,60.0,471789,28.683665788483253,37.83783783783784,45.4
5436,Saint-Oyens,Morges,71221,37.1,229,77.0,471789,74.3060782837787,83.78378378378379,45.3
5649,Tolochenaz,Morges,56190,22.3,972,64.0,471789,38.94900263455025,48.64864864864865,45.2
5747,Bofflens,Jura-Nord vaudois,61765,23.1,104,69.0,180436,52.06294693263078,62.16216216216216,45.0
5853,Bursins,Nyon,63983,32.1,392,71.0,601453,57.28029732781332,67.56756756756756,44.9
5929,Suchy,Jura-Nord vaudois,62821,26.9,342,70.0,180436,54.546951449002634,64.86486486486487,44.8
5703,Bassins,Nyon,65678,30.0,724,72.5,601453,61.26740684983064,71.62162162162163,44.8
5656,Hautemorges,Morges,60105,25.6,2276,68.0,471789,48.15816710575837,59.45945945945946,44.3
5523,Froideville,Gros-de-Vaud,64429,25.3,1417,72.0,264755,58.32941287165977,70.27027027027027,44.0
5804,Jorat-Menthue,Gros-de-Vaud,62625,22.9,831,70.5,264755,54.085905156191195,66.21621621621621,43.9
5496,Penthaz,Gros-de-Vaud,61464,24.9,967,69.5,264755,51.35491155438464,63.51351351351351,43.9
5483,Ferreyres,Morges,68581,31.0,155,76.0,471789,68.09606699284907,81.08108108108108,43.5
5604,Forel (Lavaux),Lavaux-Oron,60501,20.9,1120,69.0,563599,49.08966879939782,62.16216216216216,43.5
5926,Pomy,Jura-Nord vaudois,62500,29.0,442,71.0,180436,53.79187053067369,67.56756756756756,43.1
5756,Montcherand,Jura-Nord vaudois,63617,23.5,251,72.0,180436,56.419363944298084,70.27027027027027,43.1
5601,Chexbres,Lavaux-Oron,58334,23.1,1236,67.5,563599,43.99228453142642,58.108108108108105,42.9
5464,Vully-les-Lacs,Broye-Vully,57490,20.6,1975,67.0,149121,42.00696273993225,56.75675675675676,42.6
5851,Allaman,Morges,55184,24.4,213,65.0,471789,36.5826119683854,51.35135135135135,42.6
5520,Essertines-sur-Yverdon,Gros-de-Vaud,63032,23.9,569,72.0,264755,55.043281896876174,70.27027027027027,42.4
5727,Saint-Cergue,Nyon,55726,22.4,1436,66.0,601453,37.85754610462928,54.054054054054056,41.9
5533,Poliez-Pittet,Gros-de-Vaud,63707,23.5,451,73.0,264755,56.631068874670675,72.97297297297297,41.8
5748,Bretonnières,Jura-Nord vaudois,58872,21.8,142,69.0,180436,45.257809559653744,62.16216216216216,41.5
5611,Savigny,Lavaux-Oron,58818,25.0,1805,69.0,563599,45.13078660143018,62.16216216216216,41.5
5477,Cossonay,Morges,55190,18.9,2411,66.0,471789,36.59672563041024,54.054054054054056,41.3
5514,Bottens,Gros-de-Vaud,62577,23.4,721,72.5,264755,53.972995859992466,71.62162162162163,41.2
5690,Villars-le-Comte,Broye-Vully,57354,20.7,82,68.0,149121,41.68705306736921,59.45945945945946,41.1
5540,Montilliez,Gros-de-Vaud,62399,24.7,1040,72.5,264755,53.554290553255555,71.62162162162163,41.0
5435,Saint-Livres,Morges,58399,25.5,369,69.0,471789,44.14518253669552,62.16216216216216,41.0
5530,Pailly,Gros-de-Vaud,66331,26.5,287,76.0,264755,62.80344373353406,81.08108108108108,40.9
5763,Valeyres-sous-Rances,Jura-Nord vaudois,60561,23.2,319,71.0,180436,49.23080541964622,67.56756756756756,40.8
5541,Goumoëns,Gros-de-Vaud,65656,26.9,587,75.5,264755,61.21565675573956,79.72972972972973,40.7
5422,Aubonne,Morges,56933,25.0,1859,68.0,471789,40.69674444862627,59.45945945945946,40.6
5889,La Tour-de-Peilz,Riviera-Pays-d'Enhaut,52297,18.5,6826,64.0,337178,29.791588257433194,48.64864864864865,40.6
5688,Syens,Broye-Vully,53501,11.8,93,65.0,149121,32.62372977041777,51.35135135135135,40.6
5484,Gollion,Morges,63637,22.8,556,74.0,471789,56.46640948438089,75.67567567567568,40.4
5499,Senarclens,Morges,57144,27.1,258,68.5,471789,41.19307489649981,60.810810810810814,40.2
5521,Etagnières,Gros-de-Vaud,62294,27.3,593,73.0,264755,53.30730146782086,72.97297297297297,40.2
5522,Fey,Gros-de-Vaud,64625,26.2,385,75.0,264755,58.79045916447121,78.37837837837837,40.2
5933,Valeyres-sous-Montagny,Jura-Nord vaudois,59158,20.6,379,70.5,180436,45.93056078283779,66.21621621621621,39.9
5635,Ecublens (VD),Ouest lausannois,49986,16.0,6054,62.5,188994,24.35547610086564,44.5945945945946,39.9
5475,Chavannes-le-Veyron,Morges,66667,25.7,74,77.0,471789,63.593808806925104,83.78378378378379,39.9
5587,Le Mont-sur-Lausanne,Lausanne,60915,26.7,4561,72.0,253297,50.063511479111774,70.27027027027027,39.9
5491,Mont-la-Ville,Morges,65196,25.8,240,76.0,471789,60.133609333835146,81.08108108108108,39.5
5790,Maracon,Lavaux-Oron,63345,25.6,297,74.5,563599,55.779544599172006,77.02702702702703,39.4
5806,Jorat-Mézières,Lavaux-Oron,59204,22.6,1698,71.0,563599,46.038765525028225,67.56756756756756,39.2
5474,La Chaux (Cossonay),Morges,64859,21.7,235,76.0,471789,59.34089198343997,81.08108108108108,39.1
5629,Clarmont,Morges,60228,15.1,126,72.0,471789,48.44749717726759,70.27027027027027,39.1
5902,Belmont-sur-Yverdon,Jura-Nord vaudois,57813,17.4,247,70.0,180436,42.766748212269476,64.86486486486487,39.0
5652,Villars-sous-Yens,Morges,62091,24.1,319,74.0,471789,52.82978923598043,75.67567567567568,38.6
5555,Corcelles-près-Concise,Jura-Nord vaudois,56373,20.9,234,69.0,180436,39.37946932630786,62.16216216216216,38.6
5661,Boulens,Gros-de-Vaud,59001,22.1,222,71.5,264755,45.561253293187804,68.91891891891892,38.3
5564,Novalles,Jura-Nord vaudois,63971,17.6,51,76.0,180436,57.25207000376364,81.08108108108108,38.1
5642,Morges,Morges,53661,17.8,9409,67.0,471789,33.000094091080165,56.75675675675676,38.1
5497,Pompaples,Morges,52501,15.6,456,66.0,471789,30.271452766277758,54.054054054054056,38.1
5539,Vuarrens,Gros-de-Vaud,61036,25.1,553,73.5,264755,50.34813699661272,74.32432432432432,38.0
5905,Champvent,Jura-Nord vaudois,56883,20.4,367,70.0,180436,40.57913059841927,64.86486486486487,37.9
5930,Suscévaz,Jura-Nord vaudois,59167,22.9,105,72.0,180436,45.95173127587505,70.27027027027027,37.8
5607,Puidoux,Lavaux-Oron,55030,19.9,1596,68.5,563599,36.22036130974784,60.810810810810814,37.7
5582,Cheseaux-sur-Lausanne,Lausanne,59977,21.5,2470,73.0,253297,47.857075649228456,72.97297297297297,37.4
5583,Crissier,Ouest lausannois,49004,16.0,4528,63.5,188994,22.045540082800148,47.2972972972973,37.4
5571,Tévenon,Jura-Nord vaudois,58164,18.9,492,71.5,180436,43.59239744072262,68.91891891891892,37.3
5911,Cuarny,Jura-Nord vaudois,59678,20.7,140,73.0,180436,47.15374482499059,72.97297297297297,37.1
5537,Villars-le-Terroir,Gros-de-Vaud,62972,27.6,685,76.0,264755,54.90214527662778,81.08108108108108,36.9
5891,Veytaux,Riviera-Pays-d'Enhaut,50324,16.3,545,65.0,337178,25.150545728264962,51.35135135135135,36.9
5937,Vugelles-La Mothe,Jura-Nord vaudois,56001,11.8,68,70.0,180436,38.504422280767784,64.86486486486487,36.8
5693,Montanaire,Gros-de-Vaud,56001,17.8,1552,70.0,264755,38.504422280767784,64.86486486486487,36.8
5527,Morrens (VD),Gros-de-Vaud,60380,26.1,625,74.0,264755,48.80504328189688,75.67567567567568,36.6
5515,Bretigny-sur-Morrens,Gros-de-Vaud,62711,23.8,483,76.0,264755,54.28820097854723,81.08108108108108,36.6
5487,Lussery-Villars,Gros-de-Vaud,61508,20.7,266,75.0,264755,51.4584117425668,78.37837837837837,36.5
5931,Treycovagnes,Jura-Nord vaudois,58929,22.8,268,73.0,180436,45.39188934888973,72.97297297297297,36.2
5743,Arnex-sur-Orbe,Jura-Nord vaudois,56633,17.5,378,71.0,180436,39.99106134738427,67.56756756756756,36.2
5554,Concise,Jura-Nord vaudois,53126,18.4,592,68.0,180436,31.741625893865262,59.45945945945946,36.1
5665,Chavannes-sur-Moudon,Broye-Vully,55289,15.7,127,70.0,149121,36.8296010538201,64.86486486486487,36.0
5556,Fiez,Jura-Nord vaudois,54168,22.0,254,69.0,180436,34.19269853217915,62.16216216216216,36.0
5592,Romanel-sur-Lausanne,Lausanne,55814,17.2,2089,70.5,253297,38.0645464809936,66.21621621621621,35.9
5683,Prévonloup,Broye-Vully,57813,14.5,117,72.5,149121,42.766748212269476,71.62162162162163,35.6
5412,Rennaz,Aigle,48095,12.7,488,64.0,228474,19.907320286036885,48.64864864864865,35.6
5692,Vucherens,Broye-Vully,60589,23.4,338,75.0,149121,49.29666917576213,78.37837837837837,35.5
5816,Corcelles-près-Payerne,Broye-Vully,49107,12.3,1519,65.0,149121,22.28782461422657,51.35135135135135,35.5
5910,Cronay,Jura-Nord vaudois,60385,20.8,226,75.0,180436,48.81680466691758,78.37837837837837,35.2
5813,Chevroux,Broye-Vully,52886,21.1,284,68.5,149121,31.17707941287166,60.810810810810814,35.2
5498,La Sarraz,Morges,54359,17.4,1378,70.0,471789,34.64198343996989,64.86486486486487,34.9
5884,Corsier-sur-Vevey,Riviera-Pays-d'Enhaut,48030,14.8,1856,64.5,337178,19.754422280767784,50.0,34.9
5429,Longirod,Nyon,62939,27.2,283,77.5,601453,54.82452013549115,85.13513513513513,34.8
5481,Dizy,Morges,59936,24.1,133,75.0,471789,47.760632292058716,78.37837837837837,34.7
5803,Vulliens,Broye-Vully,58594,21.0,338,74.0,149121,44.603876552502825,75.67567567567568,34.5
5792,Montpreveyres,Lavaux-Oron,59227,22.3,350,74.5,563599,46.092867896123444,77.02702702702703,34.5
5516,Cugy (VD),Gros-de-Vaud,60927,25.8,1392,76.0,264755,50.091738803161455,81.08108108108108,34.5
5749,Chavornay,Jura-Nord vaudois,54478,16.1,2894,70.5,180436,34.92190440346255,66.21621621621621,34.4
5908,Chêne-Pâquier,Jura-Nord vaudois,59559,21.5,79,75.0,180436,46.87382386149793,78.37837837837837,34.2
5744,Ballaigues,Jura-Nord vaudois,47935,11.2,632,65.0,180436,19.53095596537448,51.35135135135135,34.1
5746,Bavois,Jura-Nord vaudois,55894,19.3,592,72.0,180436,38.2527286413248,70.27027027027027,34.0
5409,Ollon,Aigle,51178,20.5,3756,68.0,228474,27.159390289800527,59.45945945945946,33.8
5932,Ursins,Jura-Nord vaudois,59167,20.2,124,75.0,180436,45.95173127587505,78.37837837837837,33.8
5430,Marchissy,Nyon,61831,24.2,277,77.5,601453,52.21819721490403,85.13513513513513,33.5
5924,Orges,Jura-Nord vaudois,57813,17.3,225,74.0,180436,42.766748212269476,75.67567567567568,33.5
5490,Moiry,Morges,60001,20.6,170,76.0,471789,47.91353029732781,81.08108108108108,33.4
5531,Penthéréaz,Gros-de-Vaud,57599,25.6,227,74.0,264755,42.26336093338352,75.67567567567568,33.3
5534,Rueyres,Gros-de-Vaud,56466,26.6,173,73.0,264755,39.59823108769289,72.97297297297297,33.3
5403,Chessel,Aigle,47000,11.8,288,65.0,228474,17.331576966503576,51.35135135135135,33.0
5654,Vullierens,Morges,59549,20.9,301,76.0,471789,46.85030109145653,81.08108108108108,32.9
5415,Yvorne,Aigle,54314,16.2,599,71.5,228474,34.53613097478359,68.91891891891892,32.8
5451,Avenches,Broye-Vully,46865,11.7,2394,65.0,149121,17.014019570944676,51.35135135135135,32.8
5873,Le Lieu,Jura-Nord vaudois,52591,16.4,505,70.0,180436,30.48315769665036,64.86486486486487,32.8
5425,Bière,Morges,51370,13.3,871,69.0,471789,27.611027474595407,62.16216216216216,32.7
5762,Sergey,Jura-Nord vaudois,59376,21.8,78,76.0,180436,46.44335716974031,81.08108108108108,32.7
5561,Grandson,Jura-Nord vaudois,51314,19.0,1958,69.0,180436,27.47929996236357,62.16216216216216,32.7
5495,Penthalaz,Gros-de-Vaud,55245,16.3,1747,72.5,264755,36.72610086563794,71.62162162162163,32.6
5741,L'Abergement,Jura-Nord vaudois,63750,24.8,141,80.0,180436,56.7322167858487,91.8918918918919,32.4
5805,Oron,Lavaux-Oron,51005,17.9,3328,69.0,563599,26.752446368084303,62.16216216216216,32.3
5854,Burtigny,Nyon,57895,23.2,198,75.0,601453,42.959634926608956,78.37837837837837,32.3
5423,Ballens,Morges,55515,19.9,312,73.0,471789,37.36121565675574,72.97297297297297,32.2
5479,Cuarnens,Morges,59001,27.5,298,76.0,471789,45.561253293187804,81.08108108108108,32.2
5919,Mathod,Jura-Nord vaudois,54168,16.0,387,72.0,180436,34.19269853217915,70.27027027027027,32.0
5518,Echallens,Gros-de-Vaud,54746,20.0,3118,72.5,264755,35.55231464057208,71.62162162162163,32.0
5637,Lavigny,Morges,54935,29.1,532,73.0,471789,35.996894994354534,72.97297297297297,31.5
5493,Orny,Morges,54840,17.6,278,73.0,471789,35.77342867896123,72.97297297297297,31.4
5817,Grandcour,Broye-Vully,53677,13.9,546,72.0,149121,33.03773052314641,70.27027027027027,31.4
5437,Saubraz,Morges,59303,25.2,210,77.0,471789,46.27164094843808,83.78378378378379,31.2
5413,Roche (VD),Aigle,47168,12.4,973,66.5,228474,17.726759503199098,55.4054054054054,31.2
5663,Bussy-sur-Moudon,Broye-Vully,60888,17.6,125,78.5,149121,50.0,87.83783783783784,31.1
5671,Dompierre (VD),Broye-Vully,60313,14.7,129,78.0,149121,48.64744072261949,86.48648648648648,31.1
5913,Donneloye,Jura-Nord vaudois,54482,20.0,476,73.0,180436,34.93131351147911,72.97297297297297,31.0
5923,Oppens,Gros-de-Vaud,61310,24.7,89,79.0,264755,50.992660895747086,89.1891891891892,30.9
5886,Montreux,Riviera-Pays-d'Enhaut,44881,14.4,13463,65.0,337178,12.347101994730899,51.35135135135135,30.5
5742,Agiez,Jura-Nord vaudois,57378,14.1,198,76.0,180436,41.743507715468574,81.08108108108108,30.3
5755,Lignerolle,Jura-Nord vaudois,60097,18.0,222,78.5,180436,48.139348889725255,87.83783783783784,30.2
5914,Ependes (VD),Jura-Nord vaudois,54077,14.6,199,73.5,180436,33.97864132480241,74.32432432432432,29.8
5830,Villarzel,Broye-Vully,55617,16.3,251,75.0,149121,37.60114791117802,78.37837837837837,29.6
5821,Missy,Broye-Vully,48600,18.0,205,69.0,149121,21.095220173127586,62.16216216216216,29.5
5862,Tartegnin,Nyon,60001,26.7,116,79.0,601453,47.91353029732781,89.1891891891892,29.4
5827,Trey,Broye-Vully,58612,17.0,165,78.0,149121,44.646217538577346,86.48648648648648,29.1
5408,Noville,Aigle,55129,21.7,586,75.0,228474,36.453236733157695,78.37837837837837,29.0
5680,Ogens,Gros-de-Vaud,56105,18.9,169,76.0,264755,38.74905908919835,81.08108108108108,28.8
5401,Aigle,Aigle,44524,10.3,5654,66.0,228474,11.507339104252917,54.054054054054056,28.7
5831,Valbroye,Broye-Vully,49500,15.3,1775,70.5,149121,23.212269476853596,66.21621621621621,28.5
5798,Ropraz,Broye-Vully,57364,21.4,281,77.5,149121,41.710575837410616,85.13513513513513,28.3
5428,Gimel,Morges,52184,20.2,1180,73.0,471789,29.525780955965374,72.97297297297297,28.3
5535,Saint-Barthélemy (VD),Gros-de-Vaud,56563,21.9,462,77.0,264755,39.82640195709447,83.78378378378379,28.0
5907,Chavannes-le-Chêne,Jura-Nord vaudois,54269,17.0,188,75.0,180436,34.43027850959729,78.37837837837837,28.0
5903,Bioley-Magnoux,Jura-Nord vaudois,50736,13.6,140,72.0,180436,26.119683853970642,70.27027027027027,27.9
5669,Curtilles,Broye-Vully,49565,10.8,186,71.0,149121,23.365167482122693,67.56756756756756,27.9
5414,Villeneuve (VD),Aigle,44288,12.3,3059,66.5,228474,10.952201731275874,55.4054054054054,27.8
5424,Berolle,Morges,54488,23.9,176,75.5,471789,34.94542717350395,79.72972972972973,27.6
5760,Rances,Jura-Nord vaudois,55556,20.6,286,76.5,180436,37.45765901392548,82.43243243243244,27.5
5752,Croy,Jura-Nord vaudois,52405,16.5,230,74.0,180436,30.045634173880316,75.67567567567568,27.2
5785,Corcelles-le-Jorat,Broye-Vully,53572,18.8,260,75.0,149121,32.79074143771171,78.37837837837837,27.2
5819,Henniez,Broye-Vully,46539,11.3,212,69.0,149121,16.24717726759503,62.16216216216216,27.0
5939,Yvonand,Jura-Nord vaudois,51008,15.8,1996,73.0,180436,26.759503199096724,72.97297297297297,26.9
5431,Mollens (VD),Morges,51737,14.5,179,74.0,471789,28.47431313511479,75.67567567567568,26.4
5934,Valeyres-sous-Ursins,Jura-Nord vaudois,55001,17.4,138,77.0,180436,36.15214527662778,83.78378378378379,26.2
5675,Lucens,Broye-Vully,46103,12.3,2148,69.5,149121,15.221584493789988,63.51351351351351,25.9
5812,Champtauroz,Broye-Vully,54606,23.0,87,77.0,149121,35.22299585999247,83.78378378378379,25.7
5552,Bullet,Jura-Nord vaudois,51686,14.1,390,75.0,180436,28.35434700790365,78.37837837837837,25.0
5512,Bercher,Gros-de-Vaud,56294,20.5,721,79.0,264755,39.1936394429808,89.1891891891892,25.0
5406,Lavey-Morcles,Aigle,47693,12.7,560,71.5,228474,18.9617049303726,68.91891891891892,25.0
5404,Corbeyrier,Aigle,50203,11.7,265,74.0,228474,24.86592021076402,75.67567567567568,24.6
5754,Juriens,Jura-Nord vaudois,55883,16.2,204,79.0,180436,38.22685359427926,89.1891891891892,24.5
5764,Vallorbe,Jura-Nord vaudois,45303,10.5,2148,70.0,180436,13.339762890477983,64.86486486486487,24.2
5822,Payerne,Broye-Vully,45259,11.1,5185,70.0,149121,13.236262702295823,64.86486486486487,24.2
5750,Les Clées,Jura-Nord vaudois,56772,20.0,105,80.0,180436,40.31802785095973,91.8918918918919,24.2
5673,Hermenches,Broye-Vully,54450,16.9,225,78.0,149121,34.85604064734663,86.48648648648648,24.2
5925,Orzens,Jura-Nord vaudois,55436,14.3,112,79.0,180436,37.17538577342868,89.1891891891892,24.0
5589,Prilly,Ouest lausannois,47688,12.1,6525,72.5,188994,18.9499435453519,71.62162162162163,23.7
5486,L'Isle,Morges,50482,17.1,619,75.0,471789,25.52220549491908,78.37837837837837,23.6
5745,Baulmes,Jura-Nord vaudois,51811,16.1,645,76.5,180436,28.64838163342115,82.43243243243244,23.1
5405,Gryon,Aigle,48334,16.5,714,73.5,228474,20.469514490026345,74.32432432432432,23.1
5757,Orbe,Jura-Nord vaudois,50538,13.8,4058,75.5,180436,25.65393300715092,79.72972972972973,23.0
5759,Premier,Jura-Nord vaudois,54688,15.6,128,79.5,180436,35.41588257433195,90.54054054054053,22.4
5674,Lovatens,Broye-Vully,49250,9.3,97,75.0,149121,22.62420022581859,78.37837837837837,22.1
5402,Bex,Aigle,44282,11.1,4255,71.0,228474,10.938088069251036,67.56756756756756,21.7
5411,Ormont-Dessus,Aigle,49706,16.1,814,76.0,228474,23.696838539706437,81.08108108108108,21.3
5557,Fontaines-sur-Grandson,Jura-Nord vaudois,45000,17.4,132,72.0,180436,12.627022958223561,70.27027027027027,21.2
5871,L'Abbaye,Jura-Nord vaudois,49560,16.3,860,76.0,180436,23.353406097101995,81.08108108108108,21.1
5766,Vuiteboeuf,Jura-Nord vaudois,48229,15.0,339,75.0,180436,20.222525404591646,78.37837837837837,20.9
5678,Moudon,Broye-Vully,45108,9.8,2911,72.5,149121,12.881068874670682,71.62162162162163,20.6
5562,Mauborget,Jura-Nord vaudois,41251,9.0,78,70.0,180436,3.808336469702672,64.86486486486487,19.5
5758,La Praz,Jura-Nord vaudois,55556,18.0,100,83.0,180436,37.45765901392548,100.0,18.7
5568,Sainte-Croix,Jura-Nord vaudois,39632,8.7,2993,70.0,180436,0.0,64.86486486486487,17.6
5890,Vevey,Riviera-Pays-d'Enhaut,44538,11.3,11069,74.5,337178,11.540270982310878,77.02702702702703,17.3
5938,Yverdon-les-Bains,Jura-Nord vaudois,45149,11.0,15841,75.0,180436,12.977512231840421,78.37837837837837,17.3
5912,Démoret,Jura-Nord vaudois,48182,14.0,86,78.0,180436,20.111968385397063,86.48648648648648,16.8
5627,Chavannes-près-Renens,Ouest lausannois,47573,10.2,3909,77.5,188994,18.6794316898758,85.13513513513513,16.8
5921,Molondin,Jura-Nord vaudois,51472,16.4,134,81.0,180436,27.85095972901769,94.5945945945946,16.6
5586,Lausanne,Lausanne,47070,13.1,77121,78.5,253297,17.496236356793375,87.83783783783784,14.8
5842,Rossinière,Riviera-Pays-d'Enhaut,48929,11.8,297,81.0,337178,21.86911930748965,94.5945945945946,13.6
5591,Renens (VD),Ouest lausannois,44275,9.6,10523,77.0,188994,10.921622130222056,83.78378378378379,13.6
5765,Vaulion,Jura-Nord vaudois,48611,12.9,278,81.0,180436,21.121095220173128,94.5945945945946,13.3
5761,Romainmôtier-Envy,Jura-Nord vaudois,48462,12.9,318,81.0,180436,20.770605946556266,94.5945945945946,13.1
5843,Rougemont,Riviera-Pays-d'Enhaut,46072,16.7,419,79.0,337178,15.14866390666165,89.1891891891892,13.0
5410,Ormont-Dessous,Aigle,43824,10.9,695,77.0,228474,9.860745201354911,83.78378378378379,13.0
5563,Mutrux,Jura-Nord vaudois,46072,14.3,77,80.0,180436,15.14866390666165,91.8918918918919,11.6
5407,Leysin,Aigle,43397,13.7,1542,78.0,228474,8.856322920587129,86.48648648648648,11.2
5841,Château-d'Oex,Riviera-Pays-d'Enhaut,45661,13.6,1837,81.5,337178,14.181878057960107,95.94594594594594,9.1
5566,Provence,Jura-Nord vaudois,44055,9.7,248,81.0,180436,10.404121189311253,94.5945945945946,7.9
5828,Treytorrens (Payerne),Broye-Vully,55556,6.7,60,,149121,37.45765901392548,,
5610,Saint-Saphorin (Lavaux),Lavaux-Oron,53126,25.3,217,,563599,31.741625893865262,,
